negator,language
hindi,Filipino
di,Filipino
di,Filipino
hindi naman,Filipino
di naman,Filipino
hindi talaga,Filipino
di talaga,Filipino
hindi na,Filipino
di na,Filipino
hindi pa,Filipino
di pa,Filipino
hindi rin,Filipino
di rin,Filipino
hindi kailanman,Filipino
di kailanman,Filipino
wala,Filipino
walang,Filipino
wala nang,Filipino
walang gaanong,Filipino
hindi gaanong,Filipino
di gaanong,Filipino
hindi masyado,Filipino
di masyado,Filipino
hindi lubos,Filipino
hindi na talaga,Filipino
hindi naman talaga,Filipino
not,English/Taglish
never,English/Taglish
no,English/Taglish
nobody,English
nothing,English/Taglish
neither,English
without,English/Taglish
barely,English/Taglish
hardly,English/Taglish
scarcely,English
not really,English/Taglish
not at all,English/Taglish
no longer,English/Taglish
not anymore,English/Taglish
never again,English/Taglish