intensifier,language,strength
sobrang,Filipino,High
sobra,Filipino,High
napaka,Filipino,High
lubhang,Filipino,High
talagang,Filipino,Medium–High
talaga,Filipino,Medium–High
tunay na,Filipino,Medium
totoong,Filipino,Medium
grabe,Filipino,High
grabe talaga,Filipino,Very High
super,Taglish,High
super na,Taglish,High
very,English/Taglish,High
very much,English/Taglish,High
really,English/Taglish,High
so,English/Taglish,High
so much,English/Taglish,High
too,English/Taglish,High
extremely,English,Very High
incredibly,English,Very High
absolutely,English,Very High
completely,English,Very High
totally,English/Taglish,High
highly,English,High
deeply,English,High
immensely,English,Very High
intensely,English,Very High
exceptionally,English,Very High
particularly,English,Medium
especially,English/Taglish,Medium
quite,English,Medium
pretty,English/Taglish,Medium
really naman,Taglish,High
super talaga,Taglish,Very High
grabe naman,Taglish,High